FIP;Year;STATE;HFR;GFI
1;1980;Alabama;0,608;96,14
1;1981;Alabama;0,597;96,14
1;1982;Alabama;0,661;96,14
1;1983;Alabama;0,586;96,14
1;1984;Alabama;0,624;96,14
1;1985;Alabama;0,644;96,14
1;1986;Alabama;0,567;96,14
1;1987;Alabama;0,609;96,14
1;1988;Alabama;0,606;96,14
1;1989;Alabama;0,627;96,14
1;1990;Alabama;0,641;96,14
1;1991;Alabama;0,632;96,14
1;1992;Alabama;0,552;96,14
1;1993;Alabama;0,6;96,14
1;1994;Alabama;0,571;96,14
1;1995;Alabama;0,554;96,14
1;1996;Alabama;0,568;96,14
1;1997;Alabama;0,557;96,14
1;1998;Alabama;0,577;96,14
1;1999;Alabama;0,537;96,14
1;2000;Alabama;0,538;96,14
1;2001;Alabama;0,522;96,14
1;2002;Alabama;0,553;96,14
1;2003;Alabama;0,504;96,14
1;2004;Alabama;0,516;96,14
1;2005;Alabama;0,485;96,14
1;2006;Alabama;0,468;96,14
1;2007;Alabama;0,481;96,14
1;2008;Alabama;0,503;96,14
1;2009;Alabama;0,482;96,14
1;2010;Alabama;0,456;96,14
1;2011;Alabama;0,513;96,14
1;2012;Alabama;0,543;96,14
1;2013;Alabama;0,516;96,14
1;2014;Alabama;0,51;96,14
1;2015;Alabama;0,495;96,14
1;2016;Alabama;0,528;96,14
2;1980;Alaska;0,789;122,9
2;1981;Alaska;0,709;122,9
2;1982;Alaska;0,737;122,9
2;1983;Alaska;0,722;122,9
2;1984;Alaska;0,712;122,9
2;1985;Alaska;0,653;122,9
2;1986;Alaska;0,688;122,9
2;1987;Alaska;0,718;122,9
2;1988;Alaska;0,748;122,9
2;1989;Alaska;0,711;122,9
2;1990;Alaska;0,699;122,9
2;1991;Alaska;0,716;122,9
2;1992;Alaska;0,685;122,9
2;1993;Alaska;0,712;122,9
2;1994;Alaska;0,667;122,9
2;1995;Alaska;0,709;122,9
2;1996;Alaska;0,663;122,9
2;1997;Alaska;0,652;122,9
2;1998;Alaska;0,559;122,9
2;1999;Alaska;0,571;122,9
2;2000;Alaska;0,601;122,9
2;2001;Alaska;0,61;122,9
2;2002;Alaska;0,614;122,9
2;2003;Alaska;0,587;122,9
2;2004;Alaska;0,58;122,9
2;2005;Alaska;0,609;122,9
2;2006;Alaska;0,551;122,9
2;2007;Alaska;0,577;122,9
2;2008;Alaska;0,613;122,9
2;2009;Alaska;0,543;122,9
2;2010;Alaska;0,611;122,9
2;2011;Alaska;0,627;122,9
2;2012;Alaska;0,607;122,9
2;2013;Alaska;0,576;122,9
2;2014;Alaska;0,618;122,9
2;2015;Alaska;0,551;122,9
2;2016;Alaska;0,572;122,9
4;1980;Arizona;0,563;119,26
4;1981;Arizona;0,598;119,26
4;1982;Arizona;0,541;119,26
4;1983;Arizona;0,554;119,26
4;1984;Arizona;0,567;119,26
4;1985;Arizona;0,538;119,26
4;1986;Arizona;0,549;119,26
4;1987;Arizona;0,564;119,26
4;1988;Arizona;0,557;119,26
4;1989;Arizona;0,624;119,26
4;1990;Arizona;0,598;119,26
4;1991;Arizona;0,564;119,26
4;1992;Arizona;0,547;119,26
4;1993;Arizona;0,53;119,26
4;1994;Arizona;0,505;119,26
4;1995;Arizona;0,532;119,26
4;1996;Arizona;0,449;119,26
4;1997;Arizona;0,465;119,26
4;1998;Arizona;0,467;119,26
4;1999;Arizona;0,409;119,26
4;2000;Arizona;0,427;119,26
4;2001;Arizona;0,35;119,26
4;2002;Arizona;0,381;119,26
4;2003;Arizona;0,393;119,26
4;2004;Arizona;0,368;119,26
4;2005;Arizona;0,373;119,26
4;2006;Arizona;0,385;119,26
4;2007;Arizona;0,38;119,26
4;2008;Arizona;0,382;119,26
4;2009;Arizona;0,396;119,26
4;2010;Arizona;0,346;119,26
4;2011;Arizona;0,329;119,26
4;2012;Arizona;0,415;119,26
4;2013;Arizona;0,366;119,26
4;2014;Arizona;0,385;119,26
4;2015;Arizona;0,36;119,26
4;2016;Arizona;0,36;119,26
5;1980;Arkansas;0,693;81,12
5;1981;Arkansas;0,639;81,12
5;1982;Arkansas;0,674;81,12
5;1983;Arkansas;0,63;81,12
5;1984;Arkansas;0,694;81,12
5;1985;Arkansas;0,656;81,12
5;1986;Arkansas;0,596;81,12
5;1987;Arkansas;0,657;81,12
5;1988;Arkansas;0,643;81,12
5;1989;Arkansas;0,636;81,12
5;1990;Arkansas;0,647;81,12
5;1991;Arkansas;0,639;81,12
5;1992;Arkansas;0,533;81,12
5;1993;Arkansas;0,644;81,12
5;1994;Arkansas;0,601;81,12
5;1995;Arkansas;0,583;81,12
5;1996;Arkansas;0,58;81,12
5;1997;Arkansas;0,562;81,12
5;1998;Arkansas;0,571;81,12
5;1999;Arkansas;0,555;81,12
5;2000;Arkansas;0,542;81,12
5;2001;Arkansas;0,537;81,12
5;2002;Arkansas;0,56;81,12
5;2003;Arkansas;0,516;81,12
5;2004;Arkansas;0,544;81,12
5;2005;Arkansas;0,499;81,12
5;2006;Arkansas;0,481;81,12
5;2007;Arkansas;0,507;81,12
5;2008;Arkansas;0,508;81,12
5;2009;Arkansas;0,493;81,12
5;2010;Arkansas;0,493;81,12
5;2011;Arkansas;0,527;81,12
5;2012;Arkansas;0,544;81,12
5;2013;Arkansas;0,5;81,12
5;2014;Arkansas;0,493;81,12
5;2015;Arkansas;0,462;81,12
5;2016;Arkansas;0,518;81,12
6;1980;California;0,366;24,06
6;1981;California;0,421;24,06
6;1982;California;0,414;24,06
6;1983;California;0,38;24,06
6;1984;California;0,405;24,06
6;1985;California;0,354;24,06
6;1986;California;0,367;24,06
6;1987;California;0,376;24,06
6;1988;California;0,396;24,06
6;1989;California;0,417;24,06
6;1990;California;0,379;24,06
6;1991;California;0,368;24,06
6;1992;California;0,402;24,06
6;1993;California;0,386;24,06
6;1994;California;0,31;24,06
6;1995;California;0,337;24,06
6;1996;California;0,291;24,06
6;1997;California;0,3;24,06
6;1998;California;0,241;24,06
6;1999;California;0,271;24,06
6;2000;California;0,274;24,06
6;2001;California;0,229;24,06
6;2002;California;0,228;24,06
6;2003;California;0,198;24,06
6;2004;California;0,203;24,06
6;2005;California;0,209;24,06
6;2006;California;0,202;24,06
6;2007;California;0,185;24,06
6;2008;California;0,175;24,06
6;2009;California;0,196;24,06
6;2010;California;0,174;24,06
6;2011;California;0,16;24,06
6;2012;California;0,214;24,06
6;2013;California;0,155;24,06
6;2014;California;0,183;24,06
6;2015;California;0,151;24,06
6;2016;California;0,163;24,06
8;1980;Colorado;0,54;57,01
8;1981;Colorado;0,525;57,01
8;1982;Colorado;0,574;57,01
8;1983;Colorado;0,49;57,01
8;1984;Colorado;0,593;57,01
8;1985;Colorado;0,517;57,01
8;1986;Colorado;0,495;57,01
8;1987;Colorado;0,528;57,01
8;1988;Colorado;0,527;57,01
8;1989;Colorado;0,54;57,01
8;1990;Colorado;0,535;57,01
8;1991;Colorado;0,519;57,01
8;1992;Colorado;0,483;57,01
8;1993;Colorado;0,48;57,01
8;1994;Colorado;0,49;57,01
8;1995;Colorado;0,445;57,01
8;1996;Colorado;0,465;57,01
8;1997;Colorado;0,445;57,01
8;1998;Colorado;0,409;57,01
8;1999;Colorado;0,43;57,01
8;2000;Colorado;0,467;57,01
8;2001;Colorado;0,371;57,01
8;2002;Colorado;0,363;57,01
8;2003;Colorado;0,373;57,01
8;2004;Colorado;0,411;57,01
8;2005;Colorado;0,378;57,01
8;2006;Colorado;0,399;57,01
8;2007;Colorado;0,404;57,01
8;2008;Colorado;0,402;57,01
8;2009;Colorado;0,411;57,01
8;2010;Colorado;0,384;57,01
8;2011;Colorado;0,36;57,01
8;2012;Colorado;0,414;57,01
8;2013;Colorado;0,394;57,01
8;2014;Colorado;0,385;57,01
8;2015;Colorado;0,369;57,01
8;2016;Colorado;0,379;57,01
9;1980;Connecticut;0,256;27,29
9;1981;Connecticut;0,298;27,29
9;1982;Connecticut;0,315;27,29
9;1983;Connecticut;0,3;27,29
9;1984;Connecticut;0,295;27,29
9;1985;Connecticut;0,254;27,29
9;1986;Connecticut;0,284;27,29
9;1987;Connecticut;0,3;27,29
9;1988;Connecticut;0,261;27,29
9;1989;Connecticut;0,318;27,29
9;1990;Connecticut;0,315;27,29
9;1991;Connecticut;0,322;27,29
9;1992;Connecticut;0,375;27,29
9;1993;Connecticut;0,309;27,29
9;1994;Connecticut;0,316;27,29
9;1995;Connecticut;0,293;27,29
9;1996;Connecticut;0,238;27,29
9;1997;Connecticut;0,228;27,29
9;1998;Connecticut;0,219;27,29
9;1999;Connecticut;0,198;27,29
9;2000;Connecticut;0,202;27,29
9;2001;Connecticut;0,189;27,29
9;2002;Connecticut;0,193;27,29
9;2003;Connecticut;0,179;27,29
9;2004;Connecticut;0,166;27,29
9;2005;Connecticut;0,202;27,29
9;2006;Connecticut;0,174;27,29
9;2007;Connecticut;0,116;27,29
9;2008;Connecticut;0,192;27,29
9;2009;Connecticut;0,185;27,29
9;2010;Connecticut;0,172;27,29
9;2011;Connecticut;0,163;27,29
9;2012;Connecticut;0,183;27,29
9;2013;Connecticut;0,141;27,29
9;2014;Connecticut;0,2;27,29
9;2015;Connecticut;0,192;27,29
9;2016;Connecticut;0,188;27,29
10;1980;Delaware;0,345;53,87
10;1981;Delaware;0,396;53,87
10;1982;Delaware;0,385;53,87
10;1983;Delaware;0,294;53,87
10;1984;Delaware;0,344;53,87
10;1985;Delaware;0,331;53,87
10;1986;Delaware;0,415;53,87
10;1987;Delaware;0,4;53,87
10;1988;Delaware;0,431;53,87
10;1989;Delaware;0,483;53,87
10;1990;Delaware;0,398;53,87
10;1991;Delaware;0,385;53,87
10;1992;Delaware;0,378;53,87
10;1993;Delaware;0,397;53,87
10;1994;Delaware;0,441;53,87
10;1995;Delaware;0,353;53,87
10;1996;Delaware;0,392;53,87
10;1997;Delaware;0,326;53,87
10;1998;Delaware;0,326;53,87
10;1999;Delaware;0,319;53,87
10;2000;Delaware;0,352;53,87
10;2001;Delaware;0,3;53,87
10;2002;Delaware;0,317;53,87
10;2003;Delaware;0,304;53,87
10;2004;Delaware;0,331;53,87
10;2005;Delaware;0,3;53,87
10;2006;Delaware;0,303;53,87
10;2007;Delaware;0,262;53,87
10;2008;Delaware;0,263;53,87
10;2009;Delaware;0,265;53,87
10;2010;Delaware;0,269;53,87
10;2011;Delaware;0,309;53,87
10;2012;Delaware;0,308;53,87
10;2013;Delaware;0,289;53,87
10;2014;Delaware;0,301;53,87
10;2015;Delaware;0,32;53,87
10;2016;Delaware;0,387;53,87
12;1980;Florida;0,437;71,3
12;1981;Florida;0,467;71,3
12;1982;Florida;0,423;71,3
12;1983;Florida;0,468;71,3
12;1984;Florida;0,44;71,3
12;1985;Florida;0,418;71,3
12;1986;Florida;0,414;71,3
12;1987;Florida;0,426;71,3
12;1988;Florida;0,397;71,3
12;1989;Florida;0,461;71,3
12;1990;Florida;0,411;71,3
12;1991;Florida;0,459;71,3
12;1992;Florida;0,426;71,3
12;1993;Florida;0,429;71,3
12;1994;Florida;0,383;71,3
12;1995;Florida;0,419;71,3
12;1996;Florida;0,364;71,3
12;1997;Florida;0,366;71,3
12;1998;Florida;0,319;71,3
12;1999;Florida;0,33;71,3
12;2000;Florida;0,32;71,3
12;2001;Florida;0,268;71,3
12;2002;Florida;0,277;71,3
12;2003;Florida;0,266;71,3
12;2004;Florida;0,234;71,3
12;2005;Florida;0,295;71,3
12;2006;Florida;0,282;71,3
12;2007;Florida;0,261;71,3
12;2008;Florida;0,303;71,3
12;2009;Florida;0,281;71,3
12;2010;Florida;0,27;71,3
12;2011;Florida;0,325;71,3
12;2012;Florida;0,309;71,3
12;2013;Florida;0,279;71,3
12;2014;Florida;0,284;71,3
12;2015;Florida;0,277;71,3
12;2016;Florida;0,288;71,3
13;1980;Georgia;0,609;84,67
13;1981;Georgia;0,617;84,67
13;1982;Georgia;0,615;84,67
13;1983;Georgia;0,596;84,67
13;1984;Georgia;0,603;84,67
13;1985;Georgia;0,578;84,67
13;1986;Georgia;0,55;84,67
13;1987;Georgia;0,61;84,67
13;1988;Georgia;0,583;84,67
13;1989;Georgia;0,594;84,67
13;1990;Georgia;0,574;84,67
13;1991;Georgia;0,574;84,67
13;1992;Georgia;0,569;84,67
13;1993;Georgia;0,566;84,67
13;1994;Georgia;0,525;84,67
13;1995;Georgia;0,548;84,67
13;1996;Georgia;0,52;84,67
13;1997;Georgia;0,499;84,67
13;1998;Georgia;0,507;84,67
13;1999;Georgia;0,488;84,67
13;2000;Georgia;0,467;84,67
13;2001;Georgia;0,427;84,67
13;2002;Georgia;0,442;84,67
13;2003;Georgia;0,396;84,67
13;2004;Georgia;0,43;84,67
13;2005;Georgia;0,416;84,67
13;2006;Georgia;0,395;84,67
13;2007;Georgia;0,388;84,67
13;2008;Georgia;0,395;84,67
13;2009;Georgia;0,453;84,67
13;2010;Georgia;0,364;84,67
13;2011;Georgia;0,421;84,67
13;2012;Georgia;0,401;84,67
13;2013;Georgia;0,379;84,67
13;2014;Georgia;0,382;84,67
13;2015;Georgia;0,361;84,67
13;2016;Georgia;0,377;84,67
15;1980;Hawaii;0,266;27,59
15;1981;Hawaii;0,241;27,59
15;1982;Hawaii;0,159;27,59
15;1983;Hawaii;0,195;27,59
15;1984;Hawaii;0,202;27,59
15;1985;Hawaii;0,217;27,59
15;1986;Hawaii;0,219;27,59
15;1987;Hawaii;0,23;27,59
15;1988;Hawaii;0,184;27,59
15;1989;Hawaii;0,233;27,59
15;1990;Hawaii;0,186;27,59
15;1991;Hawaii;0,211;27,59
15;1992;Hawaii;0,192;27,59
15;1993;Hawaii;0,188;27,59
15;1994;Hawaii;0,254;27,59
15;1995;Hawaii;0,227;27,59
15;1996;Hawaii;0,146;27,59
15;1997;Hawaii;0,176;27,59
15;1998;Hawaii;0,124;27,59
15;1999;Hawaii;0,075;27,59
15;2000;Hawaii;0,124;27,59
15;2001;Hawaii;0,103;27,59
15;2002;Hawaii;0,098;27,59
15;2003;Hawaii;0,063;27,59
15;2004;Hawaii;0,2;27,59
15;2005;Hawaii;0,072;27,59
15;2006;Hawaii;0,116;27,59
15;2007;Hawaii;0,064;27,59
15;2008;Hawaii;0,099;27,59
15;2009;Hawaii;0,062;27,59
15;2010;Hawaii;0,084;27,59
15;2011;Hawaii;0,081;27,59
15;2012;Hawaii;0,12;27,59
15;2013;Hawaii;0,073;27,59
15;2014;Hawaii;0,034;27,59
15;2015;Hawaii;0,096;27,59
15;2016;Hawaii;0,091;27,59
16;1980;Idaho;0,659;110,22
16;1981;Idaho;0,675;110,22
16;1982;Idaho;0,685;110,22
16;1983;Idaho;0,67;110,22
16;1984;Idaho;0,579;110,22
16;1985;Idaho;0,666;110,22
16;1986;Idaho;0,625;110,22
16;1987;Idaho;0,649;110,22
16;1988;Idaho;0,691;110,22
16;1989;Idaho;0,663;110,22
16;1990;Idaho;0,664;110,22
16;1991;Idaho;0,669;110,22
16;1992;Idaho;0,666;110,22
16;1993;Idaho;0,676;110,22
16;1994;Idaho;0,617;110,22
16;1995;Idaho;0,663;110,22
16;1996;Idaho;0,601;110,22
16;1997;Idaho;0,586;110,22
16;1998;Idaho;0,622;110,22
16;1999;Idaho;0,583;110,22
16;2000;Idaho;0,609;110,22
16;2001;Idaho;0,573;110,22
16;2002;Idaho;0,576;110,22
16;2003;Idaho;0,51;110,22
16;2004;Idaho;0,557;110,22
16;2005;Idaho;0,589;110,22
16;2006;Idaho;0,554;110,22
16;2007;Idaho;0,561;110,22
16;2008;Idaho;0,543;110,22
16;2009;Idaho;0,541;110,22
16;2010;Idaho;0,523;110,22
16;2011;Idaho;0,466;110,22
16;2012;Idaho;0,552;110,22
16;2013;Idaho;0,542;110,22
16;2014;Idaho;0,53;110,22
16;2015;Idaho;0,509;110,22
16;2016;Idaho;0,578;110,22
17;1980;Illinois;0,312;72,73
17;1981;Illinois;0,307;72,73
17;1982;Illinois;0,295;72,73
17;1983;Illinois;0,305;72,73
17;1984;Illinois;0,301;72,73
17;1985;Illinois;0,334;72,73
17;1986;Illinois;0,287;72,73
17;1987;Illinois;0,309;72,73
17;1988;Illinois;0,339;72,73
17;1989;Illinois;0,37;72,73
17;1990;Illinois;0,36;72,73
17;1991;Illinois;0,336;72,73
17;1992;Illinois;0,324;72,73
17;1993;Illinois;0,308;72,73
17;1994;Illinois;0,324;72,73
17;1995;Illinois;0,327;72,73
17;1996;Illinois;0,288;72,73
17;1997;Illinois;0,297;72,73
17;1998;Illinois;0,269;72,73
17;1999;Illinois;0,279;72,73
17;2000;Illinois;0,286;72,73
17;2001;Illinois;0,218;72,73
17;2002;Illinois;0,232;72,73
17;2003;Illinois;0,218;72,73
17;2004;Illinois;0,226;72,73
17;2005;Illinois;0,23;72,73
17;2006;Illinois;0,245;72,73
17;2007;Illinois;0,225;72,73
17;2008;Illinois;0,205;72,73
17;2009;Illinois;0,243;72,73
17;2010;Illinois;0,243;72,73
17;2011;Illinois;0,243;72,73
17;2012;Illinois;0,266;72,73
17;2013;Illinois;0,244;72,73
17;2014;Illinois;0,238;72,73
17;2015;Illinois;0,238;72,73
17;2016;Illinois;0,226;72,73
18;1980;Indiana;0,541;87,17
18;1981;Indiana;0,484;87,17
18;1982;Indiana;0,515;87,17
18;1983;Indiana;0,49;87,17
18;1984;Indiana;0,509;87,17
18;1985;Indiana;0,494;87,17
18;1986;Indiana;0,449;87,17
18;1987;Indiana;0,507;87,17
18;1988;Indiana;0,531;87,17
18;1989;Indiana;0,505;87,17
18;1990;Indiana;0,527;87,17
18;1991;Indiana;0,533;87,17
18;1992;Indiana;0,505;87,17
18;1993;Indiana;0,517;87,17
18;1994;Indiana;0,505;87,17
18;1995;Indiana;0,5;87,17
18;1996;Indiana;0,479;87,17
18;1997;Indiana;0,413;87,17
18;1998;Indiana;0,467;87,17
18;1999;Indiana;0,405;87,17
18;2000;Indiana;0,444;87,17
18;2001;Indiana;0,387;87,17
18;2002;Indiana;0,408;87,17
18;2003;Indiana;0,364;87,17
18;2004;Indiana;0,391;87,17
18;2005;Indiana;0,37;87,17
18;2006;Indiana;0,386;87,17
18;2007;Indiana;0,358;87,17
18;2008;Indiana;0,374;87,17
18;2009;Indiana;0,4;87,17
18;2010;Indiana;0,391;87,17
18;2011;Indiana;0,351;87,17
18;2012;Indiana;0,432;87,17
18;2013;Indiana;0,406;87,17
18;2014;Indiana;0,424;87,17
18;2015;Indiana;0,394;87,17
18;2016;Indiana;0,424;87,17
19;1980;Iowa;0,552;80,58
19;1981;Iowa;0,524;80,58
19;1982;Iowa;0,53;80,58
19;1983;Iowa;0,437;80,58
19;1984;Iowa;0,512;80,58
19;1985;Iowa;0,546;80,58
19;1986;Iowa;0,48;80,58
19;1987;Iowa;0,47;80,58
19;1988;Iowa;0,513;80,58
19;1989;Iowa;0,515;80,58
19;1990;Iowa;0,51;80,58
19;1991;Iowa;0,5;80,58
19;1992;Iowa;0,463;80,58
19;1993;Iowa;0,462;80,58
19;1994;Iowa;0,397;80,58
19;1995;Iowa;0,397;80,58
19;1996;Iowa;0,451;80,58
19;1997;Iowa;0,437;80,58
19;1998;Iowa;0,347;80,58
19;1999;Iowa;0,397;80,58
19;2000;Iowa;0,477;80,58
19;2001;Iowa;0,398;80,58
19;2002;Iowa;0,417;80,58
19;2003;Iowa;0,389;80,58
19;2004;Iowa;0,423;80,58
19;2005;Iowa;0,359;80,58
19;2006;Iowa;0,375;80,58
19;2007;Iowa;0,388;80,58
19;2008;Iowa;0,396;80,58
19;2009;Iowa;0,387;80,58
19;2010;Iowa;0,411;80,58
19;2011;Iowa;0,376;80,58
19;2012;Iowa;0,409;80,58
19;2013;Iowa;0,401;80,58
19;2014;Iowa;0,331;80,58
19;2015;Iowa;0,36;80,58
19;2016;Iowa;0,385;80,58
20;1980;Kansas;0,592;104,81
20;1981;Kansas;0,545;104,81
20;1982;Kansas;0,623;104,81
20;1983;Kansas;0,57;104,81
20;1984;Kansas;0,573;104,81
20;1985;Kansas;0,549;104,81
20;1986;Kansas;0,533;104,81
20;1987;Kansas;0,578;104,81
20;1988;Kansas;0,567;104,81
20;1989;Kansas;0,569;104,81
20;1990;Kansas;0,585;104,81
20;1991;Kansas;0,577;104,81
20;1992;Kansas;0,539;104,81
20;1993;Kansas;0,528;104,81
20;1994;Kansas;0,527;104,81
20;1995;Kansas;0,513;104,81
20;1996;Kansas;0,505;104,81
20;1997;Kansas;0,434;104,81
20;1998;Kansas;0,464;104,81
20;1999;Kansas;0,433;104,81
20;2000;Kansas;0,469;104,81
20;2001;Kansas;0,417;104,81
20;2002;Kansas;0,418;104,81
20;2003;Kansas;0,437;104,81
20;2004;Kansas;0,428;104,81
20;2005;Kansas;0,392;104,81
20;2006;Kansas;0,426;104,81
20;2007;Kansas;0,447;104,81
20;2008;Kansas;0,421;104,81
20;2009;Kansas;0,43;104,81
20;2010;Kansas;0,439;104,81
20;2011;Kansas;0,444;104,81
20;2012;Kansas;0,455;104,81
20;2013;Kansas;0,452;104,81
20;2014;Kansas;0,419;104,81
20;2015;Kansas;0,377;104,81
20;2016;Kansas;0,423;104,81
21;1980;Kentucky;0,54;108,83
21;1981;Kentucky;0,592;108,83
21;1982;Kentucky;0,592;108,83
21;1983;Kentucky;0,571;108,83
21;1984;Kentucky;0,626;108,83
21;1985;Kentucky;0,61;108,83
21;1986;Kentucky;0,57;108,83
21;1987;Kentucky;0,581;108,83
21;1988;Kentucky;0,621;108,83
21;1989;Kentucky;0,595;108,83
21;1990;Kentucky;0,599;108,83
21;1991;Kentucky;0,595;108,83
21;1992;Kentucky;0,576;108,83
21;1993;Kentucky;0,611;108,83
21;1994;Kentucky;0,584;108,83
21;1995;Kentucky;0,549;108,83
21;1996;Kentucky;0,551;108,83
21;1997;Kentucky;0,553;108,83
21;1998;Kentucky;0,585;108,83
21;1999;Kentucky;0,54;108,83
21;2000;Kentucky;0,553;108,83
21;2001;Kentucky;0,522;108,83
21;2002;Kentucky;0,52;108,83
21;2003;Kentucky;0,507;108,83
21;2004;Kentucky;0,52;108,83
21;2005;Kentucky;0,502;108,83
21;2006;Kentucky;0,476;108,83
21;2007;Kentucky;0,509;108,83
21;2008;Kentucky;0,499;108,83
21;2009;Kentucky;0,491;108,83
21;2010;Kentucky;0,464;108,83
21;2011;Kentucky;0,529;108,83
21;2012;Kentucky;0,514;108,83
21;2013;Kentucky;0,498;108,83
21;2014;Kentucky;0,467;108,83
21;2015;Kentucky;0,464;108,83
21;2016;Kentucky;0,525;108,83
22;1980;Louisiana;0,569;67,57
22;1981;Louisiana;0,62;67,57
22;1982;Louisiana;0,574;67,57
22;1983;Louisiana;0,603;67,57
22;1984;Louisiana;0,57;67,57
22;1985;Louisiana;0,596;67,57
22;1986;Louisiana;0,579;67,57
22;1987;Louisiana;0,603;67,57
22;1988;Louisiana;0,593;67,57
22;1989;Louisiana;0,58;67,57
22;1990;Louisiana;0,617;67,57
22;1991;Louisiana;0,649;67,57
22;1992;Louisiana;0,565;67,57
22;1993;Louisiana;0,582;67,57
22;1994;Louisiana;0,575;67,57
22;1995;Louisiana;0,564;67,57
22;1996;Louisiana;0,468;67,57
22;1997;Louisiana;0,547;67,57
22;1998;Louisiana;0,477;67,57
22;1999;Louisiana;0,513;67,57
22;2000;Louisiana;0,505;67,57
22;2001;Louisiana;0,45;67,57
22;2002;Louisiana;0,485;67,57
22;2003;Louisiana;0,476;67,57
22;2004;Louisiana;0,491;67,57
22;2005;Louisiana;0,486;67,57
22;2006;Louisiana;0,483;67,57
22;2007;Louisiana;0,476;67,57
22;2008;Louisiana;0,492;67,57
22;2009;Louisiana;0,458;67,57
22;2010;Louisiana;0,454;67,57
22;2011;Louisiana;0,467;67,57
22;2012;Louisiana;0,551;67,57
22;2013;Louisiana;0,487;67,57
22;2014;Louisiana;0,481;67,57
22;2015;Louisiana;0,456;67,57
22;2016;Louisiana;0,523;67,57
23;1980;Maine;0,47;43,74
23;1981;Maine;0,493;43,74
23;1982;Maine;0,453;43,74
23;1983;Maine;0,454;43,74
23;1984;Maine;0,498;43,74
23;1985;Maine;0,484;43,74
23;1986;Maine;0,496;43,74
23;1987;Maine;0,482;43,74
23;1988;Maine;0,562;43,74
23;1989;Maine;0,549;43,74
23;1990;Maine;0,539;43,74
23;1991;Maine;0,555;43,74
23;1992;Maine;0,539;43,74
23;1993;Maine;0,504;43,74
23;1994;Maine;0,476;43,74
23;1995;Maine;0,455;43,74
23;1996;Maine;0,478;43,74
23;1997;Maine;0,453;43,74
23;1998;Maine;0,421;43,74
23;1999;Maine;0,441;43,74
23;2000;Maine;0,466;43,74
23;2001;Maine;0,403;43,74
23;2002;Maine;0,41;43,74
23;2003;Maine;0,421;43,74
23;2004;Maine;0,411;43,74
23;2005;Maine;0,425;43,74
23;2006;Maine;0,431;43,74
23;2007;Maine;0,457;43,74
23;2008;Maine;0,462;43,74
23;2009;Maine;0,441;43,74
23;2010;Maine;0,46;43,74
23;2011;Maine;0,47;43,74
23;2012;Maine;0,46;43,74
23;2013;Maine;0,496;43,74
23;2014;Maine;0,423;43,74
23;2015;Maine;0,413;43,74
23;2016;Maine;0,477;43,74
24;1980;Maryland;0,37;30,22
24;1981;Maryland;0,452;30,22
24;1982;Maryland;0,399;30,22
24;1983;Maryland;0,363;30,22
24;1984;Maryland;0,386;30,22
24;1985;Maryland;0,374;30,22
24;1986;Maryland;0,353;30,22
24;1987;Maryland;0,383;30,22
24;1988;Maryland;0,367;30,22
24;1989;Maryland;0,396;30,22
24;1990;Maryland;0,398;30,22
24;1991;Maryland;0,372;30,22
24;1992;Maryland;0,413;30,22
24;1993;Maryland;0,353;30,22
24;1994;Maryland;0,376;30,22
24;1995;Maryland;0,375;30,22
24;1996;Maryland;0,283;30,22
24;1997;Maryland;0,324;30,22
24;1998;Maryland;0,287;30,22
24;1999;Maryland;0,298;30,22
24;2000;Maryland;0,265;30,22
24;2001;Maryland;0,249;30,22
24;2002;Maryland;0,252;30,22
24;2003;Maryland;0,24;30,22
24;2004;Maryland;0,236;30,22
24;2005;Maryland;0,266;30,22
24;2006;Maryland;0,237;30,22
24;2007;Maryland;0,206;30,22
24;2008;Maryland;0,235;30,22
24;2009;Maryland;0,218;30,22
24;2010;Maryland;0,196;30,22
24;2011;Maryland;0,266;30,22
24;2012;Maryland;0,213;30,22
24;2013;Maryland;0,18;30,22
24;2014;Maryland;0,219;30,22
24;2015;Maryland;0,201;30,22
24;2016;Maryland;0,167;30,22
25;1980;Massachusetts;0,169;20,61
25;1981;Massachusetts;0,217;20,61
25;1982;Massachusetts;0,18;20,61
25;1983;Massachusetts;0,156;20,61
25;1984;Massachusetts;0,206;20,61
25;1985;Massachusetts;0,195;20,61
25;1986;Massachusetts;0,155;20,61
25;1987;Massachusetts;0,191;20,61
25;1988;Massachusetts;0,17;20,61
25;1989;Massachusetts;0,203;20,61
25;1990;Massachusetts;0,185;20,61
25;1991;Massachusetts;0,207;20,61
25;1992;Massachusetts;0,204;20,61
25;1993;Massachusetts;0,211;20,61
25;1994;Massachusetts;0,186;20,61
25;1995;Massachusetts;0,181;20,61
25;1996;Massachusetts;0,155;20,61
25;1997;Massachusetts;0,15;20,61
25;1998;Massachusetts;0,158;20,61
25;1999;Massachusetts;0,136;20,61
25;2000;Massachusetts;0,126;20,61
25;2001;Massachusetts;0,121;20,61
25;2002;Massachusetts;0,115;20,61
25;2003;Massachusetts;0,129;20,61
25;2004;Massachusetts;0,104;20,61
25;2005;Massachusetts;0,103;20,61
25;2006;Massachusetts;0,116;20,61
25;2007;Massachusetts;0,075;20,61
25;2008;Massachusetts;0,096;20,61
25;2009;Massachusetts;0,091;20,61
25;2010;Massachusetts;0,122;20,61
25;2011;Massachusetts;0,135;20,61
25;2012;Massachusetts;0,111;20,61
25;2013;Massachusetts;0,085;20,61
25;2014;Massachusetts;0,1;20,61
25;2015;Massachusetts;0,088;20,61
25;2016;Massachusetts;0,09;20,61
26;1980;Michigan;0,444;90,98
26;1981;Michigan;0,41;90,98
26;1982;Michigan;0,439;90,98
26;1983;Michigan;0,425;90,98
26;1984;Michigan;0,463;90,98
26;1985;Michigan;0,408;90,98
26;1986;Michigan;0,394;90,98
26;1987;Michigan;0,47;90,98
26;1988;Michigan;0,45;90,98
26;1989;Michigan;0,494;90,98
26;1990;Michigan;0,508;90,98
26;1991;Michigan;0,49;90,98
26;1992;Michigan;0,427;90,98
26;1993;Michigan;0,443;90,98
26;1994;Michigan;0,45;90,98
26;1995;Michigan;0,425;90,98
26;1996;Michigan;0,429;90,98
26;1997;Michigan;0,387;90,98
26;1998;Michigan;0,416;90,98
26;1999;Michigan;0,368;90,98
26;2000;Michigan;0,401;90,98
26;2001;Michigan;0,38;90,98
26;2002;Michigan;0,388;90,98
26;2003;Michigan;0,359;90,98
26;2004;Michigan;0,384;90,98
26;2005;Michigan;0,346;90,98
26;2006;Michigan;0,372;90,98
26;2007;Michigan;0,334;90,98
26;2008;Michigan;0,315;90,98
26;2009;Michigan;0,354;90,98
26;2010;Michigan;0,342;90,98
26;2011;Michigan;0,325;90,98
26;2012;Michigan;0,391;90,98
26;2013;Michigan;0,36;90,98
26;2014;Michigan;0,347;90,98
26;2015;Michigan;0,358;90,98
26;2016;Michigan;0,389;90,98
27;1980;Minnesota;0,527;68,05
27;1981;Minnesota;0,409;68,05
27;1982;Minnesota;0,536;68,05
27;1983;Minnesota;0,463;68,05
27;1984;Minnesota;0,462;68,05
27;1985;Minnesota;0,528;68,05
27;1986;Minnesota;0,446;68,05
27;1987;Minnesota;0,442;68,05
27;1988;Minnesota;0,456;68,05
27;1989;Minnesota;0,464;68,05
27;1990;Minnesota;0,448;68,05
27;1991;Minnesota;0,463;68,05
27;1992;Minnesota;0,456;68,05
27;1993;Minnesota;0,442;68,05
27;1994;Minnesota;0,444;68,05
27;1995;Minnesota;0,423;68,05
27;1996;Minnesota;0,464;68,05
27;1997;Minnesota;0,395;68,05
27;1998;Minnesota;0,427;68,05
27;1999;Minnesota;0,411;68,05
27;2000;Minnesota;0,447;68,05
27;2001;Minnesota;0,405;68,05
27;2002;Minnesota;0,409;68,05
27;2003;Minnesota;0,405;68,05
27;2004;Minnesota;0,406;68,05
27;2005;Minnesota;0,387;68,05
27;2006;Minnesota;0,373;68,05
27;2007;Minnesota;0,403;68,05
27;2008;Minnesota;0,386;68,05
27;2009;Minnesota;0,396;68,05
27;2010;Minnesota;0,41;68,05
27;2011;Minnesota;0,411;68,05
27;2012;Minnesota;0,382;68,05
27;2013;Minnesota;0,424;68,05
27;2014;Minnesota;0,353;68,05
27;2015;Minnesota;0,341;68,05
27;2016;Minnesota;0,391;68,05
28;1980;Mississippi;0,59;94,49
28;1981;Mississippi;0,605;94,49
28;1982;Mississippi;0,596;94,49
28;1983;Mississippi;0,626;94,49
28;1984;Mississippi;0,628;94,49
28;1985;Mississippi;0,613;94,49
28;1986;Mississippi;0,591;94,49
28;1987;Mississippi;0,617;94,49
28;1988;Mississippi;0,625;94,49
28;1989;Mississippi;0,617;94,49
28;1990;Mississippi;0,614;94,49
28;1991;Mississippi;0,624;94,49
28;1992;Mississippi;0,56;94,49
28;1993;Mississippi;0,605;94,49
28;1994;Mississippi;0,575;94,49
28;1995;Mississippi;0,588;94,49
28;1996;Mississippi;0,59;94,49
28;1997;Mississippi;0,568;94,49
28;1998;Mississippi;0,512;94,49
28;1999;Mississippi;0,57;94,49
28;2000;Mississippi;0,536;94,49
28;2001;Mississippi;0,545;94,49
28;2002;Mississippi;0,541;94,49
28;2003;Mississippi;0,541;94,49
28;2004;Mississippi;0,53;94,49
28;2005;Mississippi;0,5;94,49
28;2006;Mississippi;0,49;94,49
28;2007;Mississippi;0,522;94,49
28;2008;Mississippi;0,497;94,49
28;2009;Mississippi;0,478;94,49
28;2010;Mississippi;0,48;94,49
28;2011;Mississippi;0,498;94,49
28;2012;Mississippi;0,568;94,49
28;2013;Mississippi;0,502;94,49
28;2014;Mississippi;0,488;94,49
28;2015;Mississippi;0,474;94,49
28;2016;Mississippi;0,541;94,49
29;1980;Missouri;0,569;104,79
29;1981;Missouri;0,501;104,79
29;1982;Missouri;0,514;104,79
29;1983;Missouri;0,484;104,79
29;1984;Missouri;0,516;104,79
29;1985;Missouri;0,512;104,79
29;1986;Missouri;0,481;104,79
29;1987;Missouri;0,523;104,79
29;1988;Missouri;0,525;104,79
29;1989;Missouri;0,55;104,79
29;1990;Missouri;0,582;104,79
29;1991;Missouri;0,536;104,79
29;1992;Missouri;0,478;104,79
29;1993;Missouri;0,492;104,79
29;1994;Missouri;0,52;104,79
29;1995;Missouri;0,468;104,79
29;1996;Missouri;0,485;104,79
29;1997;Missouri;0,459;104,79
29;1998;Missouri;0,474;104,79
29;1999;Missouri;0,426;104,79
29;2000;Missouri;0,461;104,79
29;2001;Missouri;0,446;104,79
29;2002;Missouri;0,477;104,79
29;2003;Missouri;0,433;104,79
29;2004;Missouri;0,451;104,79
29;2005;Missouri;0,417;104,79
29;2006;Missouri;0,445;104,79
29;2007;Missouri;0,449;104,79
29;2008;Missouri;0,487;104,79
29;2009;Missouri;0,47;104,79
29;2010;Missouri;0,463;104,79
29;2011;Missouri;0,434;104,79
29;2012;Missouri;0,511;104,79
29;2013;Missouri;0,486;104,79
29;2014;Missouri;0,497;104,79
29;2015;Missouri;0,488;104,79
29;2016;Missouri;0,528;104,79
30;1980;Montana;0,782;115,26
30;1981;Montana;0,695;115,26
30;1982;Montana;0,656;115,26
30;1983;Montana;0,759;115,26
30;1984;Montana;0,778;115,26
30;1985;Montana;0,717;115,26
30;1986;Montana;0,693;115,26
30;1987;Montana;0,737;115,26
30;1988;Montana;0,669;115,26
30;1989;Montana;0,665;115,26
30;1990;Montana;0,668;115,26
30;1991;Montana;0,673;115,26
30;1992;Montana;0,638;115,26
30;1993;Montana;0,7;115,26
30;1994;Montana;0,689;115,26
30;1995;Montana;0,684;115,26
30;1996;Montana;0,654;115,26
30;1997;Montana;0,621;115,26
30;1998;Montana;0,657;115,26
30;1999;Montana;0,581;115,26
30;2000;Montana;0,646;115,26
30;2001;Montana;0,623;115,26
30;2002;Montana;0,626;115,26
30;2003;Montana;0,632;115,26
30;2004;Montana;0,62;115,26
30;2005;Montana;0,694;115,26
30;2006;Montana;0,614;115,26
30;2007;Montana;0,639;115,26
30;2008;Montana;0,69;115,26
30;2009;Montana;0,625;115,26
30;2010;Montana;0,621;115,26
30;2011;Montana;0,603;115,26
30;2012;Montana;0,658;115,26
30;2013;Montana;0,633;115,26
30;2014;Montana;0,64;115,26
30;2015;Montana;0,608;115,26
30;2016;Montana;0,65;115,26
31;1980;Nebraska;0,545;76,53
31;1981;Nebraska;0,507;76,53
31;1982;Nebraska;0,496;76,53
31;1983;Nebraska;0,539;76,53
31;1984;Nebraska;0,503;76,53
31;1985;Nebraska;0,517;76,53
31;1986;Nebraska;0,509;76,53
31;1987;Nebraska;0,504;76,53
31;1988;Nebraska;0,534;76,53
31;1989;Nebraska;0,546;76,53
31;1990;Nebraska;0,523;76,53
31;1991;Nebraska;0,526;76,53
31;1992;Nebraska;0,471;76,53
31;1993;Nebraska;0,465;76,53
31;1994;Nebraska;0,419;76,53
31;1995;Nebraska;0,451;76,53
31;1996;Nebraska;0,504;76,53
31;1997;Nebraska;0,438;76,53
31;1998;Nebraska;0,42;76,53
31;1999;Nebraska;0,455;76,53
31;2000;Nebraska;0,486;76,53
31;2001;Nebraska;0,4;76,53
31;2002;Nebraska;0,419;76,53
31;2003;Nebraska;0,391;76,53
31;2004;Nebraska;0,466;76,53
31;2005;Nebraska;0,371;76,53
31;2006;Nebraska;0,351;76,53
31;2007;Nebraska;0,426;76,53
31;2008;Nebraska;0,34;76,53
31;2009;Nebraska;0,415;76,53
31;2010;Nebraska;0,425;76,53
31;2011;Nebraska;0,418;76,53
31;2012;Nebraska;0,416;76,53
31;2013;Nebraska;0,405;76,53
31;2014;Nebraska;0,365;76,53
31;2015;Nebraska;0,362;76,53
31;2016;Nebraska;0,392;76,53
32;1980;Nevada;0,561;93,11
32;1981;Nevada;0,592;93,11
32;1982;Nevada;0,627;93,11
32;1983;Nevada;0,617;93,11
32;1984;Nevada;0,571;93,11
32;1985;Nevada;0,51;93,11
32;1986;Nevada;0,582;93,11
32;1987;Nevada;0,557;93,11
32;1988;Nevada;0,617;93,11
32;1989;Nevada;0,62;93,11
32;1990;Nevada;0,607;93,11
32;1991;Nevada;0,597;93,11
32;1992;Nevada;0,582;93,11
32;1993;Nevada;0,557;93,11
32;1994;Nevada;0,539;93,11
32;1995;Nevada;0,541;93,11
32;1996;Nevada;0,519;93,11
32;1997;Nevada;0,52;93,11
32;1998;Nevada;0,474;93,11
32;1999;Nevada;0,433;93,11
32;2000;Nevada;0,471;93,11
32;2001;Nevada;0,369;93,11
32;2002;Nevada;0,386;93,11
32;2003;Nevada;0,36;93,11
32;2004;Nevada;0,392;93,11
32;2005;Nevada;0,36;93,11
32;2006;Nevada;0,351;93,11
32;2007;Nevada;0,397;93,11
32;2008;Nevada;0,371;93,11
32;2009;Nevada;0,391;93,11
32;2010;Nevada;0,372;93,11
32;2011;Nevada;0,318;93,11
32;2012;Nevada;0,377;93,11
32;2013;Nevada;0,351;93,11
32;2014;Nevada;0,344;93,11
32;2015;Nevada;0,328;93,11
32;2016;Nevada;0,329;93,11
33;1980;New Hampshire;0,408;94,58
33;1981;New Hampshire;0,455;94,58
33;1982;New Hampshire;0,461;94,58
33;1983;New Hampshire;0,437;94,58
33;1984;New Hampshire;0,495;94,58
33;1985;New Hampshire;0,422;94,58
33;1986;New Hampshire;0,445;94,58
33;1987;New Hampshire;0,423;94,58
33;1988;New Hampshire;0,47;94,58
33;1989;New Hampshire;0,467;94,58
33;1990;New Hampshire;0,464;94,58
33;1991;New Hampshire;0,47;94,58
33;1992;New Hampshire;0,483;94,58
33;1993;New Hampshire;0,476;94,58
33;1994;New Hampshire;0,442;94,58
33;1995;New Hampshire;0,452;94,58
33;1996;New Hampshire;0,441;94,58
33;1997;New Hampshire;0,387;94,58
33;1998;New Hampshire;0,423;94,58
33;1999;New Hampshire;0,374;94,58
33;2000;New Hampshire;0,391;94,58
33;2001;New Hampshire;0,31;94,58
33;2002;New Hampshire;0,317;94,58
33;2003;New Hampshire;0,33;94,58
33;2004;New Hampshire;0,315;94,58
33;2005;New Hampshire;0,364;94,58
33;2006;New Hampshire;0,364;94,58
33;2007;New Hampshire;0,364;94,58
33;2008;New Hampshire;0,368;94,58
33;2009;New Hampshire;0,383;94,58
33;2010;New Hampshire;0,394;94,58
33;2011;New Hampshire;0,385;94,58
33;2012;New Hampshire;0,394;94,58
33;2013;New Hampshire;0,406;94,58
33;2014;New Hampshire;0,381;94,58
33;2015;New Hampshire;0,372;94,58
33;2016;New Hampshire;0,463;94,58
34;1980;New Jersey;0,201;24,18
34;1981;New Jersey;0,225;24,18
34;1982;New Jersey;0,32;24,18
34;1983;New Jersey;0,2;24,18
34;1984;New Jersey;0,187;24,18
34;1985;New Jersey;0,173;24,18
34;1986;New Jersey;0,181;24,18
34;1987;New Jersey;0,228;24,18
34;1988;New Jersey;0,168;24,18
34;1989;New Jersey;0,214;24,18
34;1990;New Jersey;0,193;24,18
34;1991;New Jersey;0,21;24,18
34;1992;New Jersey;0,213;24,18
34;1993;New Jersey;0,176;24,18
34;1994;New Jersey;0,167;24,18
34;1995;New Jersey;0,195;24,18
34;1996;New Jersey;0,122;24,18
34;1997;New Jersey;0,133;24,18
34;1998;New Jersey;0,167;24,18
34;1999;New Jersey;0,144;24,18
34;2000;New Jersey;0,108;24,18
34;2001;New Jersey;0,122;24,18
34;2002;New Jersey;0,117;24,18
34;2003;New Jersey;0,112;24,18
34;2004;New Jersey;0,108;24,18
34;2005;New Jersey;0,106;24,18
34;2006;New Jersey;0,118;24,18
34;2007;New Jersey;0,063;24,18
34;2008;New Jersey;0,088;24,18
34;2009;New Jersey;0,098;24,18
34;2010;New Jersey;0,085;24,18
34;2011;New Jersey;0,102;24,18
34;2012;New Jersey;0,07;24,18
34;2013;New Jersey;0,056;24,18
34;2014;New Jersey;0,097;24,18
34;2015;New Jersey;0,081;24,18
34;2016;New Jersey;0,089;24,18
35;1980;New Mexico;0,553;87,75
35;1981;New Mexico;0,53;87,75
35;1982;New Mexico;0,562;87,75
35;1983;New Mexico;0,524;87,75
35;1984;New Mexico;0,519;87,75
35;1985;New Mexico;0,548;87,75
35;1986;New Mexico;0,535;87,75
35;1987;New Mexico;0,547;87,75
35;1988;New Mexico;0,567;87,75
35;1989;New Mexico;0,555;87,75
35;1990;New Mexico;0,496;87,75
35;1991;New Mexico;0,552;87,75
35;1992;New Mexico;0,496;87,75
35;1993;New Mexico;0,496;87,75
35;1994;New Mexico;0,521;87,75
35;1995;New Mexico;0,522;87,75
35;1996;New Mexico;0,488;87,75
35;1997;New Mexico;0,437;87,75
35;1998;New Mexico;0,469;87,75
35;1999;New Mexico;0,446;87,75
35;2000;New Mexico;0,438;87,75
35;2001;New Mexico;0,391;87,75
35;2002;New Mexico;0,431;87,75
35;2003;New Mexico;0,407;87,75
35;2004;New Mexico;0,391;87,75
35;2005;New Mexico;0,406;87,75
35;2006;New Mexico;0,392;87,75
35;2007;New Mexico;0,428;87,75
35;2008;New Mexico;0,357;87,75
35;2009;New Mexico;0,375;87,75
35;2010;New Mexico;0,375;87,75
35;2011;New Mexico;0,366;87,75
35;2012;New Mexico;0,403;87,75
35;2013;New Mexico;0,482;87,75
35;2014;New Mexico;0,356;87,75
35;2015;New Mexico;0,37;87,75
35;2016;New Mexico;0,359;87,75
36;1980;New York;0,201;10,7
36;1981;New York;0,228;10,7
36;1982;New York;0,206;10,7
36;1983;New York;0,214;10,7
36;1984;New York;0,245;10,7
36;1985;New York;0,241;10,7
36;1986;New York;0,242;10,7
36;1987;New York;0,271;10,7
36;1988;New York;0,258;10,7
36;1989;New York;0,305;10,7
36;1990;New York;0,266;10,7
36;1991;New York;0,269;10,7
36;1992;New York;0,256;10,7
36;1993;New York;0,262;10,7
36;1994;New York;0,235;10,7
36;1995;New York;0,231;10,7
36;1996;New York;0,193;10,7
36;1997;New York;0,205;10,7
36;1998;New York;0,184;10,7
36;1999;New York;0,197;10,7
36;2000;New York;0,197;10,7
36;2001;New York;0,182;10,7
36;2002;New York;0,177;10,7
36;2003;New York;0,157;10,7
36;2004;New York;0,174;10,7
36;2005;New York;0,192;10,7
36;2006;New York;0,164;10,7
36;2007;New York;0,14;10,7
36;2008;New York;0,142;10,7
36;2009;New York;0,152;10,7
36;2010;New York;0,143;10,7
36;2011;New York;0,158;10,7
36;2012;New York;0,154;10,7
36;2013;New York;0,124;10,7
36;2014;New York;0,126;10,7
36;2015;New York;0,119;10,7
36;2016;New York;0,145;10,7
37;1980;North Carolina;0,579;69,65
37;1981;North Carolina;0,547;69,65
37;1982;North Carolina;0,571;69,65
37;1983;North Carolina;0,552;69,65
37;1984;North Carolina;0,585;69,65
37;1985;North Carolina;0,554;69,65
37;1986;North Carolina;0,522;69,65
37;1987;North Carolina;0,573;69,65
37;1988;North Carolina;0,561;69,65
37;1989;North Carolina;0,563;69,65
37;1990;North Carolina;0,541;69,65
37;1991;North Carolina;0,565;69,65
37;1992;North Carolina;0,529;69,65
37;1993;North Carolina;0,573;69,65
37;1994;North Carolina;0,54;69,65
37;1995;North Carolina;0,461;69,65
37;1996;North Carolina;0,516;69,65
37;1997;North Carolina;0,474;69,65
37;1998;North Carolina;0,464;69,65
37;1999;North Carolina;0,417;69,65
37;2000;North Carolina;0,426;69,65
37;2001;North Carolina;0,382;69,65
37;2002;North Carolina;0,397;69,65
37;2003;North Carolina;0,374;69,65
37;2004;North Carolina;0,383;69,65
37;2005;North Carolina;0,375;69,65
37;2006;North Carolina;0,351;69,65
37;2007;North Carolina;0,36;69,65
37;2008;North Carolina;0,345;69,65
37;2009;North Carolina;0,341;69,65
37;2010;North Carolina;0,35;69,65
37;2011;North Carolina;0,406;69,65
37;2012;North Carolina;0,379;69,65
37;2013;North Carolina;0,355;69,65
37;2014;North Carolina;0,334;69,65
37;2015;North Carolina;0,316;69,65
37;2016;North Carolina;0,371;69,65
38;1980;North Dakota;0,53;97,22
38;1981;North Dakota;0,567;97,22
38;1982;North Dakota;0,558;97,22
38;1983;North Dakota;0,53;97,22
38;1984;North Dakota;0,597;97,22
38;1985;North Dakota;0,627;97,22
38;1986;North Dakota;0,542;97,22
38;1987;North Dakota;0,596;97,22
38;1988;North Dakota;0,598;97,22
38;1989;North Dakota;0,565;97,22
38;1990;North Dakota;0,553;97,22
38;1991;North Dakota;0,518;97,22
38;1992;North Dakota;0,574;97,22
38;1993;North Dakota;0,594;97,22
38;1994;North Dakota;0,522;97,22
38;1995;North Dakota;0,598;97,22
38;1996;North Dakota;0,566;97,22
38;1997;North Dakota;0,54;97,22
38;1998;North Dakota;0,512;97,22
38;1999;North Dakota;0,56;97,22
38;2000;North Dakota;0,55;97,22
38;2001;North Dakota;0,503;97,22
38;2002;North Dakota;0,517;97,22
38;2003;North Dakota;0,51;97,22
38;2004;North Dakota;0,546;97,22
38;2005;North Dakota;0,546;97,22
38;2006;North Dakota;0,484;97,22
38;2007;North Dakota;0,538;97,22
38;2008;North Dakota;0,586;97,22
38;2009;North Dakota;0,537;97,22
38;2010;North Dakota;0,543;97,22
38;2011;North Dakota;0,541;97,22
38;2012;North Dakota;0,561;97,22
38;2013;North Dakota;0,567;97,22
38;2014;North Dakota;0,57;97,22
38;2015;North Dakota;0,504;97,22
38;2016;North Dakota;0,533;97,22
39;1980;Ohio;0,458;70,85
39;1981;Ohio;0,444;70,85
39;1982;Ohio;0,487;70,85
39;1983;Ohio;0,421;70,85
39;1984;Ohio;0,464;70,85
39;1985;Ohio;0,408;70,85
39;1986;Ohio;0,425;70,85
39;1987;Ohio;0,472;70,85
39;1988;Ohio;0,458;70,85
39;1989;Ohio;0,479;70,85
39;1990;Ohio;0,486;70,85
39;1991;Ohio;0,472;70,85
39;1992;Ohio;0,462;70,85
39;1993;Ohio;0,443;70,85
39;1994;Ohio;0,477;70,85
39;1995;Ohio;0,448;70,85
39;1996;Ohio;0,397;70,85
39;1997;Ohio;0,362;70,85
39;1998;Ohio;0,381;70,85
39;1999;Ohio;0,365;70,85
39;2000;Ohio;0,351;70,85
39;2001;Ohio;0,324;70,85
39;2002;Ohio;0,321;70,85
39;2003;Ohio;0,335;70,85
39;2004;Ohio;0,328;70,85
39;2005;Ohio;0,348;70,85
39;2006;Ohio;0,353;70,85
39;2007;Ohio;0,324;70,85
39;2008;Ohio;0,365;70,85
39;2009;Ohio;0,368;70,85
39;2010;Ohio;0,357;70,85
39;2011;Ohio;0,334;70,85
39;2012;Ohio;0,362;70,85
39;2013;Ohio;0,359;70,85
39;2014;Ohio;0,366;70,85
39;2015;Ohio;0,388;70,85
39;2016;Ohio;0,419;70,85
40;1980;Oklahoma;0,609;108,85
40;1981;Oklahoma;0,58;108,85
40;1982;Oklahoma;0,595;108,85
40;1983;Oklahoma;0,575;108,85
40;1984;Oklahoma;0,612;108,85
40;1985;Oklahoma;0,599;108,85
40;1986;Oklahoma;0,596;108,85
40;1987;Oklahoma;0,649;108,85
40;1988;Oklahoma;0,637;108,85
40;1989;Oklahoma;0,643;108,85
40;1990;Oklahoma;0,655;108,85
40;1991;Oklahoma;0,604;108,85
40;1992;Oklahoma;0,549;108,85
40;1993;Oklahoma;0,605;108,85
40;1994;Oklahoma;0,572;108,85
40;1995;Oklahoma;0,52;108,85
40;1996;Oklahoma;0,537;108,85
40;1997;Oklahoma;0,55;108,85
40;1998;Oklahoma;0,498;108,85
40;1999;Oklahoma;0,498;108,85
40;2000;Oklahoma;0,558;108,85
40;2001;Oklahoma;0,48;108,85
40;2002;Oklahoma;0,483;108,85
40;2003;Oklahoma;0,467;108,85
40;2004;Oklahoma;0,495;108,85
40;2005;Oklahoma;0,441;108,85
40;2006;Oklahoma;0,468;108,85
40;2007;Oklahoma;0,497;108,85
40;2008;Oklahoma;0,508;108,85
40;2009;Oklahoma;0,508;108,85
40;2010;Oklahoma;0,488;108,85
40;2011;Oklahoma;0,533;108,85
40;2012;Oklahoma;0,563;108,85
40;2013;Oklahoma;0,537;108,85
40;2014;Oklahoma;0,493;108,85
40;2015;Oklahoma;0,487;108,85
40;2016;Oklahoma;0,549;108,85
41;1980;Oregon;0,577;61,3
41;1981;Oregon;0,604;61,3
41;1982;Oregon;0,582;61,3
41;1983;Oregon;0,541;61,3
41;1984;Oregon;0,6;61,3
41;1985;Oregon;0,59;61,3
41;1986;Oregon;0,573;61,3
41;1987;Oregon;0,567;61,3
41;1988;Oregon;0,576;61,3
41;1989;Oregon;0,604;61,3
41;1990;Oregon;0,594;61,3
41;1991;Oregon;0,563;61,3
41;1992;Oregon;0,572;61,3
41;1993;Oregon;0,554;61,3
41;1994;Oregon;0,533;61,3
41;1995;Oregon;0,592;61,3
41;1996;Oregon;0,542;61,3
41;1997;Oregon;0,493;61,3
41;1998;Oregon;0,518;61,3
41;1999;Oregon;0,515;61,3
41;2000;Oregon;0,516;61,3
41;2001;Oregon;0,415;61,3
41;2002;Oregon;0,422;61,3
41;2003;Oregon;0,427;61,3
41;2004;Oregon;0,407;61,3
41;2005;Oregon;0,484;61,3
41;2006;Oregon;0,451;61,3
41;2007;Oregon;0,46;61,3
41;2008;Oregon;0,436;61,3
41;2009;Oregon;0,456;61,3
41;2010;Oregon;0,409;61,3
41;2011;Oregon;0,413;61,3
41;2012;Oregon;0,476;61,3
41;2013;Oregon;0,456;61,3
41;2014;Oregon;0,462;61,3
41;2015;Oregon;0,407;61,3
41;2016;Oregon;0,414;61,3
42;1980;Pennsylvania;0,437;75,86
42;1981;Pennsylvania;0,457;75,86
42;1982;Pennsylvania;0,49;75,86
42;1983;Pennsylvania;0,417;75,86
42;1984;Pennsylvania;0,463;75,86
42;1985;Pennsylvania;0,424;75,86
42;1986;Pennsylvania;0,415;75,86
42;1987;Pennsylvania;0,421;75,86
42;1988;Pennsylvania;0,423;75,86
42;1989;Pennsylvania;0,44;75,86
42;1990;Pennsylvania;0,45;75,86
42;1991;Pennsylvania;0,437;75,86
42;1992;Pennsylvania;0,474;75,86
42;1993;Pennsylvania;0,472;75,86
42;1994;Pennsylvania;0,444;75,86
42;1995;Pennsylvania;0,469;75,86
42;1996;Pennsylvania;0,371;75,86
42;1997;Pennsylvania;0,372;75,86
42;1998;Pennsylvania;0,412;75,86
42;1999;Pennsylvania;0,389;75,86
42;2000;Pennsylvania;0,391;75,86
42;2001;Pennsylvania;0,363;75,86
42;2002;Pennsylvania;0,381;75,86
42;2003;Pennsylvania;0,397;75,86
42;2004;Pennsylvania;0,356;75,86
42;2005;Pennsylvania;0,414;75,86
42;2006;Pennsylvania;0,382;75,86
42;2007;Pennsylvania;0,346;75,86
42;2008;Pennsylvania;0,384;75,86
42;2009;Pennsylvania;0,371;75,86
42;2010;Pennsylvania;0,355;75,86
42;2011;Pennsylvania;0,362;75,86
42;2012;Pennsylvania;0,38;75,86
42;2013;Pennsylvania;0,368;75,86
42;2014;Pennsylvania;0,361;75,86
42;2015;Pennsylvania;0,368;75,86
42;2016;Pennsylvania;0,402;75,86
44;1980;Rhode Island;0,113;29,58
44;1981;Rhode Island;0,152;29,58
44;1982;Rhode Island;0,146;29,58
44;1983;Rhode Island;0,157;29,58
44;1984;Rhode Island;0,155;29,58
44;1985;Rhode Island;0,129;29,58
44;1986;Rhode Island;0,171;29,58
44;1987;Rhode Island;0,183;29,58
44;1988;Rhode Island;0,175;29,58
44;1989;Rhode Island;0,236;29,58
44;1990;Rhode Island;0,188;29,58
44;1991;Rhode Island;0,216;29,58
44;1992;Rhode Island;0,246;29,58
44;1993;Rhode Island;0,192;29,58
44;1994;Rhode Island;0,214;29,58
44;1995;Rhode Island;0,226;29,58
44;1996;Rhode Island;0,178;29,58
44;1997;Rhode Island;0,146;29,58
44;1998;Rhode Island;0,147;29,58
44;1999;Rhode Island;0,166;29,58
44;2000;Rhode Island;0,153;29,58
44;2001;Rhode Island;0,134;29,58
44;2002;Rhode Island;0,136;29,58
44;2003;Rhode Island;0,074;29,58
44;2004;Rhode Island;0,116;29,58
44;2005;Rhode Island;0,124;29,58
44;2006;Rhode Island;0,129;29,58
44;2007;Rhode Island;0,072;29,58
44;2008;Rhode Island;0,092;29,58
44;2009;Rhode Island;0,145;29,58
44;2010;Rhode Island;0,091;29,58
44;2011;Rhode Island;0,1;29,58
44;2012;Rhode Island;0,109;29,58
44;2013;Rhode Island;0,09;29,58
44;2014;Rhode Island;0,1;29,58
44;2015;Rhode Island;0,151;29,58
44;2016;Rhode Island;0,139;29,58
45;1980;South Carolina;0,575;63,53
45;1981;South Carolina;0,544;63,53
45;1982;South Carolina;0,565;63,53
45;1983;South Carolina;0,546;63,53
45;1984;South Carolina;0,546;63,53
45;1985;South Carolina;0,588;63,53
45;1986;South Carolina;0,537;63,53
45;1987;South Carolina;0,538;63,53
45;1988;South Carolina;0,588;63,53
45;1989;South Carolina;0,618;63,53
45;1990;South Carolina;0,61;63,53
45;1991;South Carolina;0,582;63,53
45;1992;South Carolina;0,533;63,53
45;1993;South Carolina;0,527;63,53
45;1994;South Carolina;0,541;63,53
45;1995;South Carolina;0,494;63,53
45;1996;South Carolina;0,493;63,53
45;1997;South Carolina;0,521;63,53
45;1998;South Carolina;0,464;63,53
45;1999;South Carolina;0,468;63,53
45;2000;South Carolina;0,492;63,53
45;2001;South Carolina;0,442;63,53
45;2002;South Carolina;0,466;63,53
45;2003;South Carolina;0,456;63,53
45;2004;South Carolina;0,436;63,53
45;2005;South Carolina;0,394;63,53
45;2006;South Carolina;0,403;63,53
45;2007;South Carolina;0,415;63,53
45;2008;South Carolina;0,42;63,53
45;2009;South Carolina;0,409;63,53
45;2010;South Carolina;0,418;63,53
45;2011;South Carolina;0,466;63,53
45;2012;South Carolina;0,459;63,53
45;2013;South Carolina;0,445;63,53
45;2014;South Carolina;0,42;63,53
45;2015;South Carolina;0,393;63,53
45;2016;South Carolina;0,45;63,53
46;1980;South Dakota;0,592;102,9
46;1981;South Dakota;0,585;102,9
46;1982;South Dakota;0,54;102,9
46;1983;South Dakota;0,624;102,9
46;1984;South Dakota;0,501;102,9
46;1985;South Dakota;0,58;102,9
46;1986;South Dakota;0,588;102,9
46;1987;South Dakota;0,568;102,9
46;1988;South Dakota;0,605;102,9
46;1989;South Dakota;0,604;102,9
46;1990;South Dakota;0,617;102,9
46;1991;South Dakota;0,596;102,9
46;1992;South Dakota;0,55;102,9
46;1993;South Dakota;0,621;102,9
46;1994;South Dakota;0,635;102,9
46;1995;South Dakota;0,617;102,9
46;1996;South Dakota;0,582;102,9
46;1997;South Dakota;0,518;102,9
46;1998;South Dakota;0,524;102,9
46;1999;South Dakota;0,494;102,9
46;2000;South Dakota;0,547;102,9
46;2001;South Dakota;0,518;102,9
46;2002;South Dakota;0,564;102,9
46;2003;South Dakota;0,537;102,9
46;2004;South Dakota;0,567;102,9
46;2005;South Dakota;0,504;102,9
46;2006;South Dakota;0,514;102,9
46;2007;South Dakota;0,511;102,9
46;2008;South Dakota;0,51;102,9
46;2009;South Dakota;0,519;102,9
46;2010;South Dakota;0,523;102,9
46;2011;South Dakota;0,479;102,9
46;2012;South Dakota;0,568;102,9
46;2013;South Dakota;0,523;102,9
46;2014;South Dakota;0,5;102,9
46;2015;South Dakota;0,492;102,9
46;2016;South Dakota;0,55;102,9
47;1980;Tennessee;0,573;95,47
47;1981;Tennessee;0,577;95,47
47;1982;Tennessee;0,599;95,47
47;1983;Tennessee;0,577;95,47
47;1984;Tennessee;0,585;95,47
47;1985;Tennessee;0,607;95,47
47;1986;Tennessee;0,548;95,47
47;1987;Tennessee;0,582;95,47
47;1988;Tennessee;0,588;95,47
47;1989;Tennessee;0,584;95,47
47;1990;Tennessee;0,557;95,47
47;1991;Tennessee;0,576;95,47
47;1992;Tennessee;0,581;95,47
47;1993;Tennessee;0,59;95,47
47;1994;Tennessee;0,574;95,47
47;1995;Tennessee;0,565;95,47
47;1996;Tennessee;0,518;95,47
47;1997;Tennessee;0,508;95,47
47;1998;Tennessee;0,513;95,47
47;1999;Tennessee;0,503;95,47
47;2000;Tennessee;0,489;95,47
47;2001;Tennessee;0,444;95,47
47;2002;Tennessee;0,468;95,47
47;2003;Tennessee;0,436;95,47
47;2004;Tennessee;0,472;95,47
47;2005;Tennessee;0,467;95,47
47;2006;Tennessee;0,447;95,47
47;2007;Tennessee;0,461;95,47
47;2008;Tennessee;0,495;95,47
47;2009;Tennessee;0,421;95,47
47;2010;Tennessee;0,438;95,47
47;2011;Tennessee;0,491;95,47
47;2012;Tennessee;0,478;95,47
47;2013;Tennessee;0,469;95,47
47;2014;Tennessee;0,427;95,47
47;2015;Tennessee;0,416;95,47
47;2016;Tennessee;0,469;95,47
48;1980;Texas;0,58;103,68
48;1981;Texas;0,586;103,68
48;1982;Texas;0,613;103,68
48;1983;Texas;0,586;103,68
48;1984;Texas;0,545;103,68
48;1985;Texas;0,506;103,68
48;1986;Texas;0,529;103,68
48;1987;Texas;0,516;103,68
48;1988;Texas;0,541;103,68
48;1989;Texas;0,555;103,68
48;1990;Texas;0,53;103,68
48;1991;Texas;0,514;103,68
48;1992;Texas;0,522;103,68
48;1993;Texas;0,563;103,68
48;1994;Texas;0,517;103,68
48;1995;Texas;0,488;103,68
48;1996;Texas;0,491;103,68
48;1997;Texas;0,494;103,68
48;1998;Texas;0,466;103,68
48;1999;Texas;0,421;103,68
48;2000;Texas;0,417;103,68
48;2001;Texas;0,377;103,68
48;2002;Texas;0,379;103,68
48;2003;Texas;0,362;103,68
48;2004;Texas;0,368;103,68
48;2005;Texas;0,376;103,68
48;2006;Texas;0,363;103,68
48;2007;Texas;0,392;103,68
48;2008;Texas;0,367;103,68
48;2009;Texas;0,357;103,68
48;2010;Texas;0,346;103,68
48;2011;Texas;0,378;103,68
48;2012;Texas;0,426;103,68
48;2013;Texas;0,364;103,68
48;2014;Texas;0,385;103,68
48;2015;Texas;0,336;103,68
48;2016;Texas;0,355;103,68
49;1980;Utah;0,53;98,42
49;1981;Utah;0,496;98,42
49;1982;Utah;0,551;98,42
49;1983;Utah;0,535;98,42
49;1984;Utah;0,581;98,42
49;1985;Utah;0,565;98,42
49;1986;Utah;0,531;98,42
49;1987;Utah;0,57;98,42
49;1988;Utah;0,56;98,42
49;1989;Utah;0,566;98,42
49;1990;Utah;0,551;98,42
49;1991;Utah;0,524;98,42
49;1992;Utah;0,489;98,42
49;1993;Utah;0,496;98,42
49;1994;Utah;0,479;98,42
49;1995;Utah;0,477;98,42
49;1996;Utah;0,481;98,42
49;1997;Utah;0,464;98,42
49;1998;Utah;0,47;98,42
49;1999;Utah;0,428;98,42
49;2000;Utah;0,505;98,42
49;2001;Utah;0,455;98,42
49;2002;Utah;0,467;98,42
49;2003;Utah;0,401;98,42
49;2004;Utah;0,442;98,42
49;2005;Utah;0,377;98,42
49;2006;Utah;0,378;98,42
49;2007;Utah;0,426;98,42
49;2008;Utah;0,355;98,42
49;2009;Utah;0,396;98,42
49;2010;Utah;0,416;98,42
49;2011;Utah;0,392;98,42
49;2012;Utah;0,423;98,42
49;2013;Utah;0,425;98,42
49;2014;Utah;0,349;98,42
49;2015;Utah;0,35;98,42
49;2016;Utah;0,397;98,42
50;1980;Vermont;0,521;81,69
50;1981;Vermont;0,483;81,69
50;1982;Vermont;0,621;81,69
50;1983;Vermont;0,466;81,69
50;1984;Vermont;0,564;81,69
50;1985;Vermont;0,519;81,69
50;1986;Vermont;0,562;81,69
50;1987;Vermont;0,569;81,69
50;1988;Vermont;0,587;81,69
50;1989;Vermont;0,615;81,69
50;1990;Vermont;0,552;81,69
50;1991;Vermont;0,6;81,69
50;1992;Vermont;0,601;81,69
50;1993;Vermont;0,594;81,69
50;1994;Vermont;0,563;81,69
50;1995;Vermont;0,561;81,69
50;1996;Vermont;0,521;81,69
50;1997;Vermont;0,46;81,69
50;1998;Vermont;0,504;81,69
50;1999;Vermont;0,551;81,69
50;2000;Vermont;0,47;81,69
50;2001;Vermont;0,43;81,69
50;2002;Vermont;0,441;81,69
50;2003;Vermont;0,427;81,69
50;2004;Vermont;0,442;81,69
50;2005;Vermont;0,403;81,69
50;2006;Vermont;0,441;81,69
50;2007;Vermont;0,43;81,69
50;2008;Vermont;0,4;81,69
50;2009;Vermont;0,498;81,69
50;2010;Vermont;0,484;81,69
50;2011;Vermont;0,472;81,69
50;2012;Vermont;0,482;81,69
50;2013;Vermont;0,483;81,69
50;2014;Vermont;0,437;81,69
50;2015;Vermont;0,43;81,69
50;2016;Vermont;0,503;81,69
51;1980;Virginia;0,558;59,65
51;1981;Virginia;0,522;59,65
51;1982;Virginia;0,538;59,65
51;1983;Virginia;0,487;59,65
51;1984;Virginia;0,519;59,65
51;1985;Virginia;0,508;59,65
51;1986;Virginia;0,505;59,65
51;1987;Virginia;0,493;59,65
51;1988;Virginia;0,523;59,65
51;1989;Virginia;0,537;59,65
51;1990;Virginia;0,517;59,65
51;1991;Virginia;0,549;59,65
51;1992;Virginia;0,553;59,65
51;1993;Virginia;0,466;59,65
51;1994;Virginia;0,5;59,65
51;1995;Virginia;0,515;59,65
51;1996;Virginia;0,49;59,65
51;1997;Virginia;0,463;59,65
51;1998;Virginia;0,448;59,65
51;1999;Virginia;0,431;59,65
51;2000;Virginia;0,418;59,65
51;2001;Virginia;0,362;59,65
51;2002;Virginia;0,386;59,65
51;2003;Virginia;0,358;59,65
51;2004;Virginia;0,384;59,65
51;2005;Virginia;0,408;59,65
51;2006;Virginia;0,373;59,65
51;2007;Virginia;0,367;59,65
51;2008;Virginia;0,372;59,65
51;2009;Virginia;0,359;59,65
51;2010;Virginia;0,363;59,65
51;2011;Virginia;0,413;59,65
51;2012;Virginia;0,397;59,65
51;2013;Virginia;0,37;59,65
51;2014;Virginia;0,362;59,65
51;2015;Virginia;0,345;59,65
51;2016;Virginia;0,353;59,65
53;1980;Washington;0,489;33,37
53;1981;Washington;0,529;33,37
53;1982;Washington;0,54;33,37
53;1983;Washington;0,498;33,37
53;1984;Washington;0,488;33,37
53;1985;Washington;0,495;33,37
53;1986;Washington;0,446;33,37
53;1987;Washington;0,472;33,37
53;1988;Washington;0,488;33,37
53;1989;Washington;0,511;33,37
53;1990;Washington;0,474;33,37
53;1991;Washington;0,456;33,37
53;1992;Washington;0,487;33,37
53;1993;Washington;0,492;33,37
53;1994;Washington;0,457;33,37
53;1995;Washington;0,503;33,37
53;1996;Washington;0,458;33,37
53;1997;Washington;0,427;33,37
53;1998;Washington;0,446;33,37
53;1999;Washington;0,396;33,37
53;2000;Washington;0,402;33,37
53;2001;Washington;0,341;33,37
53;2002;Washington;0,362;33,37
53;2003;Washington;0,383;33,37
53;2004;Washington;0,369;33,37
53;2005;Washington;0,364;33,37
53;2006;Washington;0,359;33,37
53;2007;Washington;0,361;33,37
53;2008;Washington;0,38;33,37
53;2009;Washington;0,366;33,37
53;2010;Washington;0,338;33,37
53;2011;Washington;0,335;33,37
53;2012;Washington;0,339;33,37
53;2013;Washington;0,344;33,37
53;2014;Washington;0,335;33,37
53;2015;Washington;0,318;33,37
53;2016;Washington;0,321;33,37
54;1980;West Virginia;0,632;97,36
54;1981;West Virginia;0,612;97,36
54;1982;West Virginia;0,595;97,36
54;1983;West Virginia;0,553;97,36
54;1984;West Virginia;0,651;97,36
54;1985;West Virginia;0,626;97,36
54;1986;West Virginia;0,601;97,36
54;1987;West Virginia;0,604;97,36
54;1988;West Virginia;0,605;97,36
54;1989;West Virginia;0,566;97,36
54;1990;West Virginia;0,558;97,36
54;1991;West Virginia;0,56;97,36
54;1992;West Virginia;0,632;97,36
54;1993;West Virginia;0,636;97,36
54;1994;West Virginia;0,589;97,36
54;1995;West Virginia;0,648;97,36
54;1996;West Virginia;0,589;97,36
54;1997;West Virginia;0,526;97,36
54;1998;West Virginia;0,538;97,36
54;1999;West Virginia;0,573;97,36
54;2000;West Virginia;0,541;97,36
54;2001;West Virginia;0,549;97,36
54;2002;West Virginia;0,58;97,36
54;2003;West Virginia;0,561;97,36
54;2004;West Virginia;0,556;97,36
54;2005;West Virginia;0,631;97,36
54;2006;West Virginia;0,56;97,36
54;2007;West Virginia;0,599;97,36
54;2008;West Virginia;0,575;97,36
54;2009;West Virginia;0,551;97,36
54;2010;West Virginia;0,572;97,36
54;2011;West Virginia;0,622;97,36
54;2012;West Virginia;0,571;97,36
54;2013;West Virginia;0,602;97,36
54;2014;West Virginia;0,547;97,36
54;2015;West Virginia;0,537;97,36
54;2016;West Virginia;0,6;97,36
55;1980;Wisconsin;0,483;66,04
55;1981;Wisconsin;0,423;66,04
55;1982;Wisconsin;0,445;66,04
55;1983;Wisconsin;0,43;66,04
55;1984;Wisconsin;0,479;66,04
55;1985;Wisconsin;0,471;66,04
55;1986;Wisconsin;0,445;66,04
55;1987;Wisconsin;0,469;66,04
55;1988;Wisconsin;0,46;66,04
55;1989;Wisconsin;0,496;66,04
55;1990;Wisconsin;0,502;66,04
55;1991;Wisconsin;0,485;66,04
55;1992;Wisconsin;0,467;66,04
55;1993;Wisconsin;0,516;66,04
55;1994;Wisconsin;0,495;66,04
55;1995;Wisconsin;0,466;66,04
55;1996;Wisconsin;0,475;66,04
55;1997;Wisconsin;0,418;66,04
55;1998;Wisconsin;0,549;66,04
55;1999;Wisconsin;0,434;66,04
55;2000;Wisconsin;0,466;66,04
55;2001;Wisconsin;0,431;66,04
55;2002;Wisconsin;0,422;66,04
55;2003;Wisconsin;0,445;66,04
55;2004;Wisconsin;0,416;66,04
55;2005;Wisconsin;0,41;66,04
55;2006;Wisconsin;0,425;66,04
55;2007;Wisconsin;0,414;66,04
55;2008;Wisconsin;0,421;66,04
55;2009;Wisconsin;0,432;66,04
55;2010;Wisconsin;0,431;66,04
55;2011;Wisconsin;0,414;66,04
55;2012;Wisconsin;0,44;66,04
55;2013;Wisconsin;0,448;66,04
55;2014;Wisconsin;0,434;66,04
55;2015;Wisconsin;0,434;66,04
55;2016;Wisconsin;0,471;66,04
56;1980;Wyoming;0,775;117,08
56;1981;Wyoming;0,8;117,08
56;1982;Wyoming;0,76;117,08
56;1983;Wyoming;0,733;117,08
56;1984;Wyoming;0,776;117,08
56;1985;Wyoming;0,743;117,08
56;1986;Wyoming;0,756;117,08
56;1987;Wyoming;0,737;117,08
56;1988;Wyoming;0,708;117,08
56;1989;Wyoming;0,766;117,08
56;1990;Wyoming;0,761;117,08
56;1991;Wyoming;0,713;117,08
56;1992;Wyoming;0,705;117,08
56;1993;Wyoming;0,698;117,08
56;1994;Wyoming;0,69;117,08
56;1995;Wyoming;0,685;117,08
56;1996;Wyoming;0,686;117,08
56;1997;Wyoming;0,63;117,08
56;1998;Wyoming;0,625;117,08
56;1999;Wyoming;0,58;117,08
56;2000;Wyoming;0,586;117,08
56;2001;Wyoming;0,606;117,08
56;2002;Wyoming;0,644;117,08
56;2003;Wyoming;0,596;117,08
56;2004;Wyoming;0,607;117,08
56;2005;Wyoming;0,592;117,08
56;2006;Wyoming;0,583;117,08
56;2007;Wyoming;0,621;117,08
56;2008;Wyoming;0,64;117,08
56;2009;Wyoming;0,615;117,08
56;2010;Wyoming;0,572;117,08
56;2011;Wyoming;0,539;117,08
56;2012;Wyoming;0,597;117,08
56;2013;Wyoming;0,613;117,08
56;2014;Wyoming;0,608;117,08
56;2015;Wyoming;0,549;117,08
56;2016;Wyoming;0,607;117,08
